<ArGpsLocationData><Entry><id>0</id><altitude>0</altitude><altitudeMode>GroundRelative</altitudeMode><name>Casa</name><meshId>Cube</meshId><movementSmoothing>0.05</movementSmoothing><maxNumberOfLocationUpdates>0</maxNumberOfLocationUpdates><useMovingAverage>false</useMovingAverage><hideObjectUtilItIsPlaced>true</hideObjectUtilItIsPlaced><lat>-23.54074889912357</lat><lng>-46.64682221477199</lng></Entry><Entry><id>1</id><altitude>0</altitude><altitudeMode>GroundRelative</altitudeMode><name>Casa02</name><meshId>Cube</meshId><movementSmoothing>0.05</movementSmoothing><maxNumberOfLocationUpdates>0</maxNumberOfLocationUpdates><useMovingAverage>false</useMovingAverage><hideObjectUtilItIsPlaced>true</hideObjectUtilItIsPlaced><lat>-23.540691385366046</lat><lng>-46.64698950748331</lng></Entry><Entry><id>2</id><altitude>0</altitude><altitudeMode>GroundRelative</altitudeMode><name>Casa03</name><meshId>Cube</meshId><movementSmoothing>0.05</movementSmoothing><maxNumberOfLocationUpdates>0</maxNumberOfLocationUpdates><useMovingAverage>false</useMovingAverage><hideObjectUtilItIsPlaced>true</hideObjectUtilItIsPlaced><lat>-23.54064345721605</lat><lng>-46.647219534961295</lng></Entry></ArGpsLocationData>